bebida,tendência,p-valor,z,Tau,slope,intercept
bebida,no trend,0.36752073824214304,-0.9011271137791659,-0.3333333333333333,-971393306.5604911,17619238082.085953
